Channel_name,PublishedAt
meatball,2/2/2022
meatball,2/2/2022
meatball,1/2/2022
meatball,30/1/2022
meatball,30/1/2022
meatball,28/1/2022
Namanh Kapur,12/12/2022
Namanh Kapur,14/11/2022
Namanh Kapur,11/10/2022
Namanh Kapur,31/8/2022
Namanh Kapur,13/9/2022
Namanh Kapur,3/9/2022
Namanh Kapur,25/8/2022
Namanh Kapur,15/8/2022
Namanh Kapur,2/8/2022
Namanh Kapur,26/7/2022
Namanh Kapur,18/7/2022
Namanh Kapur,10/7/2022
Namanh Kapur,1/7/2022
Namanh Kapur,27/6/2022
Namanh Kapur,22/6/2022
Namanh Kapur,17/6/2022
Namanh Kapur,8/6/2022
Namanh Kapur,29/5/2022
Namanh Kapur,23/5/2022
Namanh Kapur,20/5/2022
Namanh Kapur,6/5/2022
Namanh Kapur,30/4/2022
Namanh Kapur,23/4/2022
Namanh Kapur,8/4/2022
Namanh Kapur,8/4/2022
Namanh Kapur,2/4/2022
Namanh Kapur,24/3/2022
Namanh Kapur,15/3/2022
Namanh Kapur,10/3/2022
Namanh Kapur,27/2/2022
Namanh Kapur,20/2/2022
Namanh Kapur,15/2/2022
Namanh Kapur,7/2/2022
Namanh Kapur,1/2/2022
Namanh Kapur,25/1/2022
Namanh Kapur,17/1/2022
Namanh Kapur,10/1/2022
Namanh Kapur,6/1/2022
Beagle Care,20/12/2022
Beagle Care,13/12/2022
Beagle Care,7/12/2022
Beagle Care,29/11/2022
Beagle Care,19/11/2022
Beagle Care,1/11/2022
Beagle Care,25/10/2022
Beagle Care,20/10/2022
Beagle Care,11/10/2022
Beagle Care,4/10/2022
Beagle Care,23/9/2022
Beagle Care,13/9/2022
Beagle Care,6/9/2022
Beagle Care,31/8/2022
Beagle Care,28/8/2022
Beagle Care,27/8/2022
Beagle Care,23/8/2022
Beagle Care,16/8/2022
Beagle Care,9/8/2022
Beagle Care,2/8/2022
Beagle Care,26/7/2022
Beagle Care,19/7/2022
Beagle Care,5/7/2022
Beagle Care,29/6/2022
Beagle Care,21/6/2022
Beagle Care,15/6/2022
Beagle Care,31/5/2022
Beagle Care,11/5/2022
Beagle Care,3/5/2022
Beagle Care,26/4/2022
Beagle Care,14/4/2022
Beagle Care,7/4/2022
Beagle Care,1/4/2022
Beagle Care,24/3/2022
Beagle Care,17/3/2022
Beagle Care,5/3/2022
Beagle Care,23/2/2022
Beagle Care,14/1/2022
Joy Eseyin,27/12/2022
Joy Eseyin,16/12/2022
Joy Eseyin,3/12/2022
Joy Eseyin,27/11/2022
Joy Eseyin,18/11/2022
Joy Eseyin,5/11/2022
Joy Eseyin,28/10/2022
Joy Eseyin,21/10/2022
Joy Eseyin,15/10/2022
Joy Eseyin,10/10/2022
Answer in Progress,16/12/2022
Answer in Progress,24/11/2022
Answer in Progress,28/10/2022
Answer in Progress,7/10/2022
Answer in Progress,24/9/2022
Answer in Progress,14/9/2022
Answer in Progress,20/8/2022
Answer in Progress,2/8/2022
Answer in Progress,1/7/2022
Answer in Progress,16/6/2022
Answer in Progress,29/5/2022
Answer in Progress,26/4/2022
Answer in Progress,30/3/2022
Answer in Progress,12/3/2022
Answer in Progress,4/3/2022
Answer in Progress,21/1/2022
kaavikiwi,24/12/2022
kaavikiwi,14/12/2022
kaavikiwi,11/12/2022
kaavikiwi,6/12/2022
kaavikiwi,4/12/2022
kaavikiwi,30/11/2022
kaavikiwi,23/11/2022
kaavikiwi,22/11/2022
kaavikiwi,19/11/2022
kaavikiwi,16/11/2022
kaavikiwi,13/11/2022
kaavikiwi,11/11/2022
kaavikiwi,3/11/2022
kaavikiwi,25/10/2022
kaavikiwi,23/10/2022
kaavikiwi,21/10/2022
kaavikiwi,20/10/2022
kaavikiwi,19/10/2022
kaavikiwi,8/10/2022
kaavikiwi,6/10/2022
kaavikiwi,5/10/2022
kaavikiwi,27/9/2022
kaavikiwi,16/9/2022
kaavikiwi,10/9/2022
kaavikiwi,5/9/2022
kaavikiwi,21/8/2022
kaavikiwi,16/8/2022
kaavikiwi,29/7/2022
kaavikiwi,20/7/2022
kaavikiwi,27/5/2022
kaavikiwi,10/5/2022
kaavikiwi,29/3/2022
kaavikiwi,28/3/2022
kaavikiwi,11/2/2022
kaavikiwi,29/1/2022
Hallie,27/12/2022
Hallie,18/12/2022
Hallie,15/12/2022
Hallie,15/12/2022
Hallie,5/12/2022
Hallie,1/12/2022
Hallie,29/11/2022
Hallie,28/11/2022
Hallie,27/11/2022
Hallie,27/11/2022
Hallie,26/11/2022
Hallie,26/11/2022
Hallie,24/11/2022
Hallie,22/11/2022
Hallie,21/11/2022
Hallie,20/11/2022
Hallie,19/11/2022
Hallie,18/11/2022
Hallie,17/11/2022
Hallie,17/11/2022
Hallie,16/11/2022
Hallie,14/11/2022
Hallie,13/11/2022
Hallie,12/11/2022
Hallie,11/11/2022
Hallie,10/11/2022
Hallie,10/11/2022
